,Datetime,Tweet Id,Text,Username
0,2023-02-22 23:59:36+00:00,1628545071086981124,'India's position not directly relevant': Jaishankar on aid to Pakistan during economic crisis,AnkitSh12027606
1,2023-02-22 23:57:48+00:00,1628544617330229248,"#Pakistan call on #Taliban to stop giving shelter to #TTP while #Taliban call on #Pakistan to stop giving airforce to #US drones . 
Both sides issued no such statements",Himat75
2,2023-02-22 23:57:35+00:00,1628544562762244099,"It is very unfortunate that the JUDICIARY in Pakistan seems   committed to a tiny minority and remains far remote from providing justice to the majority. Discipline of JUSTICE needs to treat its hump and cure the limp. Poor majority pays for JUDGES, GENERALS and the BUREAUCRACY.",JKCHR
3,2023-02-22 23:55:38+00:00,1628544072985067522,"If you really want to understand what is happening with Pakistan 
Try to understand the relationship between democratically elected government  , financial services industry and the sold out media. Media is the image builder can make a satan a saint and a saint a Satan 
Think",DrSGNazreAther
4,2023-02-22 23:55:27+00:00,1628544028592713728,Pakistanis compare IPL with PSL all the time because no one outside Pakistan would understand what PSL is without mentioning IPL.,HypocritePointr
5,2023-02-22 23:50:20+00:00,1628542740773457920,lets be real. there are people in Pakistan who can afford petrol at 5K/litre and still be unfazed. those are the ones you should direct your anger towards.,sugar_kaka
6,2023-02-22 23:48:12+00:00,1628542200362713088,"India has no business helping Pakistan - no humanitarian grounds no nothing. 

Let friends of Pak who are quick to supply them with weapons and anti-India strategies help them.

Just stop people from entering Indian borders - 
Let them deal with their shit.",rahuldeodhar
7,2023-02-22 23:46:19+00:00,1628541727115214848,"Gotta love in an interview when people ask how you handle chaos. “Please turn to page 2 of my resume where I spent time on the Afghan/Pakistan border, particularly during this thing called Marja” yeah I’m familiar.",mtns2ocean
8,2023-02-22 23:42:44+00:00,1628540827088703488,"Inflation has Broken all the previous record in Pakistan where the hell is media ???  #nogas #inflation #deadmedia #poorvsrich 
@ARYNEWSOFFICIAL #GeoNews #SamaaTV",JunaidNiaziofc
9,2023-02-22 23:42:09+00:00,1628540679914758145,"Reducing the number of Pakistani embassies could lead to a perception of decreased presence and influence on the global stage, which could affect Pakistan's standing and reputation in the international community.

@ImranKhanPTI",DerVisH_GhaZi
10,2023-02-22 23:42:05+00:00,1628540664605552642,Can someone launch a national effort in the U.S. to bring attention to the plight of minorities in Pakistan? Let us work on getting resolutions passed and bills introduced in Congress. #SavePakistanMinorities,HinduAmericans
11,2023-02-22 23:41:20+00:00,1628540472816807941,"Pakistan has to do more to ensure that the foundation for strong growth is in place, taxes are collected and are fairly distributed, and those who have more, pay more, IMF Managing Director Kristalina Georgieva has said, as the cash-starved country is engaged in ""tough"" talk…",stockmarketHQ
12,2023-02-22 23:37:20+00:00,1628539466183806982,"There is No Justice for poor people in Pakistan 
deal with it or move out if you can  #JusticeForMarriFamily",FaezShamim
13,2023-02-22 23:35:53+00:00,1628539101858222080,"Are you guys kidding ... This is PAKISTAN.... No one can Do anything he is rich and a politician.
He will be out doing the same things again in a few months #PakistanZindabad  
  #سردار_کو_پھانسی_دو",FaezShamim
14,2023-02-22 23:31:57+00:00,1628538113705361413,I am not affiliated with any political party in Pakistan however @ImranKhanPTI is doing unconventional politics in the history of Pakistan.  Hopefully it will bring revolution,realmalikijaz
15,2023-02-22 23:17:04+00:00,1628534367588057088,"What will be the effect?
1- Indian hegemony
2- Recognise Israel
3- stop or be away from CPEC
4- Distrust of all friends including China and Russia,means you are alone in any future conflict no one to help u.
Pakistan will be at the mercy of intl powers and India, U r next Bhutan.",a73752582_ahmed
16,2023-02-22 23:16:24+00:00,1628534199572471808,Javed Akhtar complaining about Pakistan not hosting enough Indian artists while attending a Pakistani event. Now imagine Mahira Khan saying something remotely similar in India. You can’t because she isn’t allowed to enter. 🙃,minna_sajjad
17,2023-02-22 23:13:51+00:00,1628533557034639360,What is up with prime travelling to Pakistan? I wanna go 🥺,sristee44
18,2023-02-22 23:12:57+00:00,1628533332278673408,"One can argue whether Javed Sb should have said that what he said or not but it's a fact Pakistan is far more tolerant in freedom of expression (except religious) than India, you can't imagine him asking the same ques for atrocities being carried out against Kashmiris in IOK.",Aakashzameenpar
19,2023-02-22 23:09:06+00:00,1628532363561996289,"RT #URGENT multiple pints of #Any blood group required at Dow Hospital #Karachi. Please contact on 03348169693. #SpreadTheWord #donateblood #savelife #BeAHero #BDP 
Courtesy @muhammadalee1",BDonorsPakistan
20,2023-02-22 23:08:27+00:00,1628532197379416079,"It's good to see people have started to realize supporting ppp will give them nothing but darkness... Pakistan needs revolution where rule by stupid and spoiled kid is no more acceptable
#revolution",kalieqam
21,2023-02-22 23:07:55+00:00,1628532065300881408,i just saw somewhere that marrying cousins in Pakistan is now banned. praise the Lord we’re all saved,shameyelah
22,2023-02-22 23:06:37+00:00,1628531738421911552,"wtf man it has been constantly raining for more than 6 hours, pakistan mein tw nhi hota tha aesa. 🫡",effeffsea
23,2023-02-22 23:05:26+00:00,1628531438386552834,"Let’s start with the Tim Hortons Pakistan frenzy. This was the funniest thing to me. I wasn’t bothered by people lining up to try it because let people live and do whatever the f* they want, but celebrities engaging in that debate and criticizing them was so funny to me.",AzraSiddique
24,2023-02-22 23:02:57+00:00,1628530813145960449,"Pakistan intelligence Agencies Speacily DG ISI is Failed to protect Pakistani people, Because they are Busy in making Videos &amp; Audios to Blackmail Politicians.Judges, Police officials, Journalists, &amp; Businessmen Right now Terrorist attacking &amp; Killing many innocent people. Shame",javerianasirkh5
25,2023-02-22 22:57:18+00:00,1628529391507542017,somebody should sample the pakistan eas alarm it kinda goes hard,floamdick
26,2023-02-22 22:57:16+00:00,1628529385241210882,Now playing column Ukraine and Pakistan.mp3 by !,RadioNayaAndaz
27,2023-02-22 22:56:19+00:00,1628529144391782402,"A 17-year-old Hindu girl was allegedly kidnapped and forced to convert to Islam in Pakistan's Sindh province, her family has alleged. #ForcedConversion #Pakistan #Sindh

This is what happens is islamic countries. Forced conversions. Sufferings of non muslims is beyond belief!",Ahxomiya99
28,2023-02-22 22:55:23+00:00,1628528908663459841,"#PakistanArmy #ISI Puppet #SardarARKhetran gave himself in on a condition that #FIR will be lodged against unknown people! 
The World’s Top Most Corrupt Country in providing Justice #PAKISTAN!",_ProFreedom
29,2023-02-22 22:49:18+00:00,1628527379122380800,#Believers #pray for #revival in #Pakistan!,RutkowskiDr
30,2023-02-22 22:48:41+00:00,1628527224029687809,After comments by Javed Akhtar Indian poet he should be expelled from Pakistan and bar for life entering Pakistan.,b2y2007
31,2023-02-22 22:48:19+00:00,1628527133231566848,Turkish counsel registers protest against Pakistan for sending Turkey’s own flood relief material by repackaging them. :),mano_soham
32,2023-02-22 22:45:12+00:00,1628526349106270213,"Appealing from supreme court of Pakistan please take an strong action against them it's apart from anything its not acceptable in any civilized society we are believing in your justice after Allah that you can do it as you can stand confidentially Infrnt of God.
#BarkhanIncident",ObisheikhThe
33,2023-02-22 22:43:59+00:00,1628526041093525504,"“Barkan Incident”, is not a “Marri Tribe Specific Tragedy”, it is simply a “National Tragedy of the highest order. Pakistan should feel the pain of the innocent &amp; implement a transparent and speedy system to eradicate such violence for eternity. They were OUR Pakistani family !",osman_farooque
34,2023-02-22 22:42:48+00:00,1628525744807616512,Buy Bitcoin Now 💵🥸 Bitcoin is the most important invention in the history of the world since the Internet.” Roger Ver 💵💵💡 #america #MEssi #Ronaldo #brazil #india #pakistan,raincitynews
35,2023-02-22 22:41:12+00:00,1628525340933992448,"People like @MaajidNawaz show up the lie that is the narrative of Pakistani Britons as lower intelligence, threats to the British way of life.
Many of those who come here from Pakistan are the critical thinkers we sorely lack, or brilliant surgeons - people of courage who 1/2",GJames1992
36,2023-02-22 22:38:09+00:00,1628524573980258306,Now let’s begin the fight against establishment and judiciary of Pakistan.,Usman3339997222
37,2023-02-22 22:37:57+00:00,1628524522344259588,"Private Prisons in Balochistan &amp; Sindh &amp; behind those Jails innocent peoples &amp; their dead bodies.

How do you wear uniform?

Do you've a small particle of shame remaining inside you?

You've ruined Pakistan 🇵🇰.

Allah Gharkk karey tumhen or tumhari Olaadon ko 🤲 @OfficialDGISPR",Alysardark
38,2023-02-22 22:37:10+00:00,1628524325010804737,Except Pakistan in any other sane country he should hv been probed and punished for wrong doing .. #AdaniEnterprise,moinshekh
39,2023-02-22 22:35:26+00:00,1628523888857567237,"Hang him there is clearly more than cleared that he's done this to that family &amp; Allah knows how's many were suffering from this situation 💔 we're appeal that from supreme court of Pakistan that we believe in you justice that you've can make it after Allah's.
#سردار_کو_پھانسی_دو",ObisheikhThe
40,2023-02-22 22:35:24+00:00,1628523882755022848,"Islamabad now intends to raise money by selling a property associated with its embassy in Washington for a building that formerly housed the defence section of the nation's embassy in the US capital, Pakistan received three offers.
@ImranRiazKhan @ImranKhanPTI",asadmunir
41,2023-02-22 22:34:59+00:00,1628523776475373568,"No surprise the day Gov. of #Pakistan proposed cutting exuberant pensions of former inept and corrupt judges ranked 140 in the world,that the current counterparts in this (what can be described as a #Mafia ) setups a bench of questionable judges to try to force an election date",pklections
42,2023-02-22 22:29:01+00:00,1628522276801978368,I swear to god im a better cb than akanji but I was born in Pakistan,AsgharAguero_16
43,2023-02-22 22:25:29+00:00,1628521383746494464,the crooks are running Pakistan now. @CMShehbaz #PakistanEconomicCrisis @pmln_org,tamjeedmd
44,2023-02-22 22:20:47+00:00,1628520202072645635,Was reading about countries investing in their semiconductor industries for growth &amp; realized how we can’t even begin to talk about manufacturing “Semiconductor electronics” in Pakistan. The infrastructure is far from reach with current state in Pakistan.,MaheeraGhani
45,2023-02-22 22:18:58+00:00,1628519746357559296,"Pakistan is in evolution process, fast changing events, uncertainty, detailed institutions, conscious masses, youth aware of the things on fast track.",nazarulislam71
46,2023-02-22 22:17:33+00:00,1628519388864212994,Who let this #BhenDaTakka @Javedakhtarjadu into Pakistan?,balimaddhu
47,2023-02-22 22:15:56+00:00,1628518981031153664,"#جیل_بھرو_خوف_کے_بت_توڑو
Pakistan 🇵🇰 Army is a bunch of thugs and thieves .They’re only good at making Porn videos . 
Pakistani courts are worse than Kangroo courts &amp; the judges are pimps of Army &amp; the 🐩 of the riches . 
Media people are soul-sellers and public is half-wit",akif786
48,2023-02-22 22:15:32+00:00,1628518880074403840,Pakistan Army in Dire Straits. Troop Rations reduced due paucity of funds arising from economic meltdown. Formation Commanders in Border Areas battling insurgency report to Army Chief that morale being affected. Indian Army Study implications on Pak operational stances @adgpi,drsubhashkapila
49,2023-02-22 22:15:02+00:00,1628518754677325826,Rights of citizenship a certain person who have migrated to India from Pakistan.,ConstAssembly
50,2023-02-22 22:14:54+00:00,1628518722913677313,A revolution and uprising has started in Pakistan 🇵🇰 this will be the end of the Sharifs إنْ شَاءَ ٱللَّٰهُ #ImranKhanForPakistan    @CMShehbaz @ImranKhanPTI,n_naheeda
51,2023-02-22 22:14:20+00:00,1628518579992936448,"According to the United States Commission on International Religious Freedom's 2020 report, Christians in Burma, China, Eritrea, India, Iran, Nigeria, North Korea, Pakistan, Russia, Saudi Arabia, Syria, and Vietnam are persecuted.",heather_cynical
52,2023-02-22 22:13:41+00:00,1628518417299910667,"RT mlsauok: MLSC and PakistanUg  are
We are bringing the Power Platform Bootcamp #GPPB2023 #Pakistan Edition.
FOR REGISTERATION
https://t…",diogomiguel_9
53,2023-02-22 22:12:44+00:00,1628518178694516738,UN Egypt EU Spain China Russia Canada Pakistan India  Iran Iraq military nuclear and weapons military Charge all  Houston Texans and gun Perkins’s Dallas cowboys cowboys Pittsburg Steelers Cowboys state’s for 9-11-2001 terrorist attaché causes of deaths since yr 1500 year,SAHOTADALJIT
54,2023-02-22 22:10:46+00:00,1628517682105700352,Pakistan Defence Minister with DG ISI &amp; Foreign Secretary rush to Kabul to placate Kabul Taliban Regime after Kabul closed Torkham Checkpoint &amp; border clashes. Pak sought help against TPP growing attacks in Pakistan. Pakistan tastes its own medicine of terror sponsorship!!!,drsubhashkapila
55,2023-02-22 22:10:43+00:00,1628517669556129794,Ever wondered why Javed Akhtar came to Pakistan at the first place?,InsiderOp
56,2023-02-22 22:10:21+00:00,1628517575725395969,Pakistan is breathing its last. This country will be no more. 🇵🇰🔚,bankercorp
57,2023-02-22 22:09:41+00:00,1628517408661991424,"Ngl visiting Pakistan once every year humbles me, seeing all the poverty here and seeing people struggle, makes me appreciate the little things in life a lot more",humssx
58,2023-02-22 22:09:23+00:00,1628517335030984706,Never point fingers with dirty hands. If you want #shamimabegum to be treated as she was trafficked and groomed. Then let’s hold accountable how many #Pakistan #bangledish men married their wife’s and trafficked them back. Hold all the phedos to account please #consistency,kyleighxA
59,2023-02-22 22:05:39+00:00,1628516395125207043,you are our hope . #Pakistan #Karachi,WaqarCh_PPP
60,2023-02-22 22:05:37+00:00,1628516387873325056,I wish to met the honourable FM of pakistan . #Pakistan #Karachi,WajahatWaheed16
61,2023-02-22 22:05:35+00:00,1628516379853746176,"After Pakistan's enforced occupation of Balochistan, whoever came to power, has made no difference to Balochistan till date. Balochistan is an occupied territory under the direct control of the military with the support of all Pakistani political parties.
Baloch Siddik Azad, BPC.",MMengal
62,2023-02-22 22:05:33+00:00,1628516368571154432,“Don't look at your feet to see if you are doing it right . Just dance . #Pakistan #PPP,zainabshah93
63,2023-02-22 22:05:33+00:00,1628516368130707462,Leadership is the capacity to translate vision into reality . #Pakistan #PPP,Yoshie53758888
64,2023-02-22 22:05:30+00:00,1628516356420251656,you are our hope . #Karachi #PPP #Pakistan,Yahya_PAKI
65,2023-02-22 22:05:29+00:00,1628516353454768130,Success is not final; failure is not fatal: It is the courage to continue that counts . #Pakistan #Karachi,Yasmine39943608
66,2023-02-22 22:05:29+00:00,1628516352918011906,Leaders think and talk about the solutions . Followers think and talk about the problems . #Karachi #Pakistan #PPP,Yasir_1Qureshi
67,2023-02-22 22:05:28+00:00,1628516347616366593,Leadership is a series of behaviors rather than a role for heroes . #Karachi #PPP #Pakistan,waleedwaqar72
68,2023-02-22 22:05:25+00:00,1628516335951962112,"Leaders think and talk about the solutions, Followers think and talk about the problems . #Pakistan #Karachi",wajahat_722
69,2023-02-22 22:05:24+00:00,1628516331661283329,Great Work BBZ . #Karachi #Pakistan #PPP,W_Afridi_
70,2023-02-22 22:05:23+00:00,1628516329337626625,"""I never look back, darling . It distracts from the now . #Karachi #Pakistan #PPP",Veta42934330
71,2023-02-22 22:05:21+00:00,1628516319044812802,Real leaders are ordinary people with extraordinary determinations . #Pakistan #Karachi,usman57_khan
72,2023-02-22 22:05:19+00:00,1628516311885135872,great chairman . #Pakistan #Karachi,usman000_ali
73,2023-02-22 22:05:19+00:00,1628516311386013698,"“Show up, show up, show up, and after a while the muse shows up, too .@sharjeelinam  @BBhuttoZardari #Pakistan1stEVBus #Karachi #PPP #Pakistan",UmerAli_32
74,2023-02-22 22:05:17+00:00,1628516300648579073,“What you do speaks so loudly that I cannot hear what you say . #Pakistan #Karachi,TuckKenisha
75,2023-02-22 22:05:16+00:00,1628516300132696067,"A leader is one who knows the way, goes the way, and shows the way . #Karachi #PPP #Pakistan",TylerHe19929896
76,2023-02-22 22:05:16+00:00,1628516300073971712,I wish to met the honourable FM of pakistan . #Karachi #PPP #Pakistan,UrshiaHussain
77,2023-02-22 22:05:15+00:00,1628516292872265732,"You’re braver than you believe, and stronger than you seem, and smarter than you think . #Karachi #PPP #Pakistan",ToomeyArianna
78,2023-02-22 22:05:14+00:00,1628516290783592448,"“I’m a greater believer in luck, and I find the harder I work the more I have of it . #Karachi #Pakistan #PPP",Teresia85203577
79,2023-02-22 22:05:14+00:00,1628516289122557953,"The art of leadership is saying no, not yes . #Karachi #PPP #Pakistan",TommyAr45940146
80,2023-02-22 22:05:11+00:00,1628516275235291137,Success usually comes to those who are too busy looking for it . #Pakistan #Karachi,Tatiana89805371
81,2023-02-22 22:05:10+00:00,1628516271519154179,Optimism is a happiness magnet . If you stay positive good things and good people will be drawn to you . #Karachi #Pakistan #PPP,TalibKabeer
82,2023-02-22 22:05:07+00:00,1628516260601384962,my proud my chairman BBZ . #Karachi #PPP #Pakistan,Tahirbangash121
83,2023-02-22 22:05:06+00:00,1628516255559720964,"Once you replace negative thoughts with positive ones, you’ll start having positive results . #Karachi #PPP #Pakistan",tahir53294
84,2023-02-22 22:05:06+00:00,1628516255425523712,"You’re braver than you believe, and stronger than you seem, and smarter than you think . #Karachi #PPP #Pakistan",Taj_Baloch8
85,2023-02-22 22:05:05+00:00,1628516252573368323,we are with you . #Karachi #Pakistan #PPP,TahiraKhn098
86,2023-02-22 22:05:05+00:00,1628516251172540416,you are our hope . #Karachi #PPP #Pakistan,TahaTabassum10
87,2023-02-22 22:05:02+00:00,1628516241328439306,“Setting goals is the first step in turning the invisible into the visible . #Karachi #PPP #Pakistan,TaggartRene
88,2023-02-22 22:05:01+00:00,1628516237230710788,"“Rivers know this: there is no hurry, We shall get there some day . #Karachi #PPP #Pakistan",Sunny_Biker50
89,2023-02-22 22:05:01+00:00,1628516235989205000,you are our hope . #Pakistan #PPP,sohailakhtar_2
90,2023-02-22 22:05:01+00:00,1628516233409617922,"There are two kinds of stones, as everyone knows, one of which rolls . #Pakistan #Karachi",T_A_N_V_E_E_R9
91,2023-02-22 22:04:56+00:00,1628516215080603662,my proud my chairman BBZ . #Pakistan #PPP,ShaziaSohail0
92,2023-02-22 22:04:55+00:00,1628516210701746177,our young leader . #Karachi #PPP #Pakistan,SheeryarAfridi
93,2023-02-22 22:04:51+00:00,1628516192628383745,"“People say nothing is impossible, but I do nothing every day . #Pakistan #PPP",ShahmeerSadeeq
94,2023-02-22 22:04:49+00:00,1628516186508910598,A leader is a dealer in hope . #Karachi #Pakistan #PPP,ShahZain_Malik0
95,2023-02-22 22:04:47+00:00,1628516177914871826,"“The greater the difficulty, the more the glory in surmounting it . #Karachi #PPP #Pakistan",sayeed_humayun
96,2023-02-22 22:04:47+00:00,1628516174454571011,“The only way of discovering the limits of the possible is to venture a little way past them into the impossible . #Karachi #Pakistan #PPP,SaniaDogar3
97,2023-02-22 22:04:46+00:00,1628516171778560000,“You've got to get up every morning with determination if you're going to go to bed with satisfaction . #Karachi #Pakistan #PPP,Sandra38376720
98,2023-02-22 22:04:43+00:00,1628516160323944449,"The more you praise and celebrate your life, the more there is in life to celebrate . #Karachi #Pakistan #PPP",Samira47659397
99,2023-02-22 22:04:43+00:00,1628516158792994823,"A leader is one who knows the way, goes the way, and shows the way . #Pakistan #PPP",SameerNaqvi_
100,2023-02-22 22:04:41+00:00,1628516151520301056,"Pakistan -Afghanistan relations at its lowest after Pakistan facilitated Afghan Taliban Government in Kabul. Border clashes &amp; closed Checkpoints. How will Pakistan achieve Pak Army's Obsession of ""Strategic Depth"" in a hostile Afghanistan? India better off with Kabul Regime!!",drsubhashkapila
